1019762671;Annie;PeNa;F;ajpena;ajpena@unbosque.edu.co;20/12/2004;ACTIVO;Ingenieria de Sistemas;Diurno;Bogota D.C;20/12/2004
1397115419;Josefa;Vidal;F;jvi443;josefavif55@gmail.com;21/08/2004;INACTIVO;Ingenieria Industrial;Diurno;Brasil;27/06/2012
1025409124;Pedro;Suarez;M;psu600;pedrosum33@gmail.com;28/12/2004;INACTIVO;Ingenieria Industrial;Diurno;Brasil;26/06/2012
1218166421;Manuela;Rojo;F;mro390;manuelarof20@gmail.com;03/03/2004;INACTIVO;Ingenieria Industrial;Diurno;Argentina;03/07/2012
1763756702;Jesus;Porras;M;jpo671;jesuspom99@gmail.com;01/09/2002;INACTIVO;Ingenieria Industrial;Diurno;Brasil;22/06/2012
1170551429;Alberto;Montoro;M;amo289;albertomom42@gmail.com;16/12/2004;INACTIVO;Ingenieria Electronica;Diurno;Brasil;26/07/2012
1503260728;Jose Luis;Minana;M;jmi457;jose luismim75@gmail.com;09/02/2000;INACTIVO;Ingenieria Industrial;Diurno;Bogota D.C;14/06/2012
1410549140;Enrique;Merino;M;eme735;enriquemem91@gmail.com;14/06/2001;INACTIVO;Ingenieria Electronica;Nocturno;Bogota D.C;29/06/2012
1302477712;Silvia;Mendez;F;sme234;silviamef3@gmail.com;15/09/2002;INACTIVO;Ingenieria Ambiental;Diurno;Argentina;13/06/2012
1032937796;Juan Diego;Mateus Ortega;M;jmateuso;jmateuso@unbosque.edu.co;11/12/2004;ACTIVO;Ingenieria de Sistemas;Diurno;Bogota D.C;11/12/2004
1272538159;Marta;Marcos;F;mma161;martamaf66@gmail.com;25/10/2000;INACTIVO;Ingenieria Ambiental;Diurno;Brasil;01/06/2012
1246061821;Javier;Madrid;M;jma862;javiermam38@gmail.com;08/08/2001;INACTIVO;Bioingenieria;Diurno;Argentina;28/06/2012
1050552146;Sonia;Lopez;F;slo343;sonialof16@gmail.com;06/11/1999;INACTIVO;Ingenieria Industrial;Diurno;Bogota D.C;04/06/2012
1130066574;Salvador;Jordan;M;sjo848;salvadorjom9@gmail.com;20/12/2002;INACTIVO;Ingenieria Ambiental;Diurno;Brasil;02/07/2012
1651983979;Jaime;Jimenez;M;jji553;jaimejim13@gmail.com;07/02/1999;INACTIVO;Ingenieria Industrial;Diurno;Argentina;13/07/2012
1331753465;Javier;Ibarra;M;jib156;javieribm60@gmail.com;12/03/2001;INACTIVO;Ingenieria Ambiental;Diurno;Brasil;07/06/2012
1115423547;Begona;Hernandez;F;bhe74;begonahef75@gmail.com;26/09/2003;INACTIVO;Ingenieria de Sistemas;Nocturno;Bogota D.C;30/05/2012
1098919841;Lucia;Gracia;F;lgr703;luciagrf93@gmail.com;17/12/1999;INACTIVO;Ingenieria Industrial;Diurno;Angola;25/07/2012
1231453244;Inmaculada;Gonzalez;F;igo607;inmaculadagof54@gmail.com;15/08/2001;INACTIVO;Ingenieria Ambiental;Diurno;Angola;15/06/2012
1919119780;Concepcion;Garcia;F;cga173;concepciongaf40@gmail.com;16/03/2003;INACTIVO;Ingenieria de Sistemas;Diurno;Bogota D.C;19/06/2012
1503847348;Juana;Fernandez;F;jfe142;juanafef47@gmail.com;16/01/2001;INACTIVO;Ingenieria Industrial;Diurno;Brasil;17/07/2012
1554025911;Ramon;Fernandez;M;rfe788;ramonfem84@gmail.com;02/08/2003;INACTIVO;Ingenieria Ambiental;Diurno;Bogota D.C;29/07/2012
1694917763;Rafael;Da Costa;M;rda127;rafaeldam58@gmail.com;12/10/2002;INACTIVO;Bioingenieria;Diurno;Argentina;18/06/2012
1400534521;Francisca;Calvo;F;fca80;franciscacaf70@gmail.com;03/11/2000;INACTIVO;Ingenieria Electronica;Nocturno;Angola;31/05/2012
1666145308;Jesus;Cabello;M;jca725;jesuscam50@gmail.com;08/04/2000;INACTIVO;Ingenieria Electronica;Diurno;Argentina;23/06/2012
1117851851;Eduardo;Caballero;M;eca102;eduardocam42@gmail.com;15/02/2001;INACTIVO;Ingenieria de Sistemas;Diurno;Argentina;08/06/2012
1370551716;Ana;Boix;F;abo135;anabof64@gmail.com;27/07/2001;INACTIVO;Ingenieria Ambiental;Diurno;Brasil;27/07/2012
1312387604;Cristina;Benavente;F;cbe382;cristinabef96@gmail.com;17/10/2002;INACTIVO;Ingenieria Industrial;Diurno;Brasil;07/07/2012
1438843396;Antonio;Banos;M;aba323;antoniobam7@gmail.com;28/01/1999;INACTIVO;Ingenieria Ambiental;Diurno;Brasil;12/07/2012
1736211630;Angel;Arango;M;aar764;angelarm2@gmail.com;09/07/1999;INACTIVO;Ingenieria Ambiental;Diurno;Angola;05/07/2012
1503439099;Angela;Alvarez;F;aal414;angelaalf51@gmail.com;21/08/2005;INACTIVO;Ingenieria Industrial;Diurno;Bogota D.C;24/06/2012
1365950266;Salvador;Alonso;M;sal163;salvadoralm86@gmail.com;11/02/2005;INACTIVO;Ingenieria Electronica;Diurno;Brasil;16/07/2012
1341250926;Lucia;Aguilar;F;lag688;luciaagf27@gmail.com;06/05/1999;INACTIVO;Ingenieria Ambiental;Diurno;Brasil;16/06/2012
1508001746;Ramon;Zamora;M;rza332;ramonzam42@gmail.com;15/05/2001;ACTIVO;Bioingenieria;Diurno;Argentina;24/05/2012
1776921147;Marta;Yanez;F;mya59;martayaf45@gmail.com;25/12/2004;ACTIVO;Bioingenieria;Diurno;Argentina;30/03/2012
1569093614;Eva;Villa;F;evi442;evavif21@gmail.com;16/02/2002;ACTIVO;Ingenieria Electronica;Nocturno;Bogota D.C;10/05/2012
1960325637;Francisco;Velazquez;M;fve277;franciscovem40@gmail.com;11/04/2003;ACTIVO;Ingenieria Ambiental;Diurno;Argentina;01/12/2011
1737021606;Miguel Angel;Vega;M;mve898;miguel a�ngelvem13@gmail.com;22/08/2005;ACTIVO;Ingenieria Electronica;Diurno;Angola;18/11/2011
1630227540;Carlos;Vega;M;cve899;carlosvem82@gmail.com;14/04/1999;ACTIVO;Ingenieria de Sistemas;Diurno;Argentina;12/10/2011
1255690791;Pilar;Varela;F;pva72;pilarvaf90@gmail.com;04/04/1999;ACTIVO;Ingenieria Ambiental;Diurno;Bogota D.C;23/10/2011
1073611375;Isabel;Valls;F;iva7;isabelvaf20@gmail.com;13/02/2005;ACTIVO;Ingenieria de Sistemas;Nocturno;Angola;10/06/2012
1021392516;Juan Pablo;Urrego Cortes;M;jpurrego;juanpuc004@gmail.com;18/03/2004;ACTIVO;Ingenieria de Sistemas;Diurno;Bogota D.C;18/03/2004
1110528018;Pilar;Urbano;F;pur518;pilarurf59@gmail.com;08/11/2005;ACTIVO;Ingenieria de Sistemas;Nocturno;Brasil;23/05/2012
1675434966;Miguel Angel;Trinidad;M;mtr497;miguel a�ngeltrm21@gmail.com;25/05/2002;ACTIVO;Bioingenieria;Diurno;Brasil;10/11/2011
1781162835;Ainhoa;Torres;F;ato118;ainhoatof18@gmail.com;07/11/2004;ACTIVO;Ingenieria Industrial;Diurno;Bogota D.C;01/01/2012
1670786524;Irene;Torres;F;ito737;irenetof8@gmail.com;09/01/2000;ACTIVO;Bioingenieria;Diurno;Brasil;18/03/2012
1536783912;Manuel;Torres;M;mto510;manueltom34@gmail.com;13/01/1999;ACTIVO;Bioingenieria;Diurno;Argentina;29/04/2012
1382563744;Juana;Tomas;F;jto120;juanatof97@gmail.com;17/08/2000;ACTIVO;Ingenieria Electronica;Diurno;Brasil;02/05/2012
1445848840;Juan;Tejeda;M;jte35;juantem72@gmail.com;14/11/2000;ACTIVO;Ingenieria Ambiental;Diurno;Angola;03/12/2011
1389824129;Francisco;Tamayo;M;fta820;franciscotam49@gmail.com;16/03/2003;ACTIVO;Ingenieria Ambiental;Diurno;Argentina;14/05/2012
1851841193;Francisca;Sola;F;fso654;franciscasof3@gmail.com;24/03/1999;ACTIVO;Ingenieria Ambiental;Diurno;Argentina;16/12/2011
1046714783;Aitor;Serrano;M;ase394;aitorsem3@gmail.com;20/12/2001;ACTIVO;Bioingenieria;Diurno;Bogota D.C;19/07/2012
1217046167;Alberto;Segovia;M;ase241;albertosem87@gmail.com;21/07/2001;ACTIVO;Ingenieria Electronica;Nocturno;Angola;21/04/2012
1441893530;Joan;Sebastia;M;jse835;joansem44@gmail.com;01/06/2004;ACTIVO;Ingenieria Electronica;Nocturno;Bogota D.C;15/05/2012
1789901072;Juan;Santos;M;jsa118;juansam68@gmail.com;19/07/2000;ACTIVO;Bioingenieria;Diurno;Brasil;15/12/2011
1690772319;Isabel;Santiago;F;isa9;isabelsaf90@gmail.com;09/11/2003;ACTIVO;Ingenieria Electronica;Diurno;Bogota D.C;27/11/2011
1569142559;Francisco;Santiago;M;fsa93;franciscosam61@gmail.com;17/06/2003;ACTIVO;Ingenieria Industrial;Diurno;Brasil;17/02/2012
1888506311;Miguel Angel;Sanchez;M;msa193;miguel a�ngelsam72@gmail.com;11/06/2002;ACTIVO;Ingenieria de Sistemas;Nocturno;Angola;17/01/2012
1421364612;Pablo;Sanchez;M;psa411;pablosam77@gmail.com;09/11/2003;ACTIVO;Ingenieria Industrial;Diurno;Bogota D.C;14/07/2012
1918006918;Francisco Javier;Sanchez;M;fsa570;francisco javiersam66@gmail.com;20/05/2000;ACTIVO;Ingenieria de Sistemas;Nocturno;Brasil;29/01/2012
1125703623;Laura;Sanchez;F;lsa492;laurasaf53@gmail.com;07/12/2005;ACTIVO;Ingenieria de Sistemas;Nocturno;Brasil;18/04/2012
1315760750;Josep;Sanchez;M;jsa829;josepsam19@gmail.com;23/09/2001;ACTIVO;Bioingenieria;Diurno;Angola;11/05/2012
1066180270;Yolanda;Sanchez;F;ysa611;yolandasaf85@gmail.com;14/04/2002;ACTIVO;Ingenieria Industrial;Diurno;Brasil;31/07/2012
1797995696;Antonio;Salvador;M;asa358;antoniosam24@gmail.com;22/02/2005;ACTIVO;Ingenieria Electronica;Diurno;Angola;04/08/2012
1448693919;Francisco;Salinas;M;fsa462;franciscosam97@gmail.com;04/07/2001;ACTIVO;Ingenieria de Sistemas;Diurno;Bogota D.C;07/12/2011
1434929748;Nuria;Salguero;F;nsa370;nuriasaf51@gmail.com;17/05/1999;ACTIVO;Ingenieria Electronica;Diurno;Angola;22/03/2012
1386314010;Antonia;Salazar;F;asa320;antoniasaf83@gmail.com;05/02/2000;ACTIVO;Ingenieria Industrial;Diurno;Bogota D.C;26/03/2012
1449141044;Jose Luis;Saez;M;jsa188;jose luissam35@gmail.com;20/03/2003;ACTIVO;Ingenieria Industrial;Diurno;Brasil;17/06/2012
1347797796;Alicia;Saez;F;asa881;aliciasaf67@gmail.com;01/05/2003;ACTIVO;Bioingenieria;Diurno;Argentina;29/02/2012
1162318448;Jose Antonio;Ruiz;M;jru33;jose antoniorum92@gmail.com;14/07/2004;ACTIVO;Ingenieria Industrial;Diurno;Argentina;15/03/2012
1648208290;Vicente;Ruiz;M;vru211;vicenterum1@gmail.com;01/11/1999;ACTIVO;Ingenieria Electronica;Diurno;Brasil;29/12/2011
1111330773;Antonio;Ruiz;M;aru399;antoniorum52@gmail.com;12/05/2004;ACTIVO;Ingenieria Ambiental;Diurno;Brasil;13/04/2012
1040337245;Miguel Angel;Rubio;M;mru828;miguel a�ngelrum77@gmail.com;09/05/2005;ACTIVO;Bioingenieria;Diurno;Angola;06/02/2012
1986545872;Jose Luis;Rosell;M;jro212;jose luisrom29@gmail.com;16/04/2004;ACTIVO;Ingenieria de Sistemas;Diurno;Brasil;07/04/2012
1269556053;Francisco;Roman;M;fro770;franciscorom29@gmail.com;17/11/2001;ACTIVO;Ingenieria Industrial;Diurno;Angola;01/04/2012
1611419867;Luis;Roldan;M;lro610;luisrom3@gmail.com;11/12/2000;ACTIVO;Ingenieria Ambiental;Diurno;Brasil;11/08/2012
1303261095;Miguel;Roca;M;mro784;miguelrom4@gmail.com;08/12/2002;ACTIVO;Ingenieria de Sistemas;Diurno;Brasil;13/01/2012
1056841568;Pilar;Robles;F;pro759;pilarrof20@gmail.com;03/03/2001;ACTIVO;Ingenieria Industrial;Diurno;Brasil;18/01/2012
1499046888;Javier;Rico;M;jri234;javierrim33@gmail.com;26/06/2000;ACTIVO;Ingenieria Industrial;Diurno;Brasil;09/03/2012
1533510652;Josefa;Rico;F;jri82;josefarif5@gmail.com;20/11/2003;ACTIVO;Ingenieria Electronica;Nocturno;Brasil;05/12/2011
1109423545;Rosa;Ribas;F;rri752;rosarif80@gmail.com;23/02/2005;ACTIVO;Ingenieria Electronica;Diurno;Brasil;19/12/2011
1317511739;Adrian;Rey;M;are133;adrianrem53@gmail.com;19/03/2003;ACTIVO;Ingenieria Electronica;Diurno;Angola;07/03/2012
1682847065;Marina;Redondo;F;mre494;marinaref48@gmail.com;21/12/2002;ACTIVO;Ingenieria Ambiental;Diurno;Bogota D.C;05/05/2012
1344348897;Francisco;Recuero;M;fre67;franciscorem75@gmail.com;09/09/2003;ACTIVO;Ingenieria Industrial;Diurno;Bogota D.C;04/07/2012
1520137272;Santiago;Quiros;M;squ80;santiagoqum45@gmail.com;15/01/2002;ACTIVO;Bioingenieria;Diurno;Bogota D.C;24/07/2012
1785912858;Antonio;Quintana;M;aqu852;antonioqum57@gmail.com;18/08/2002;ACTIVO;Ingenieria Ambiental;Diurno;Argentina;01/11/2011
1086243440;Laura;Prieto;F;lpr367;lauraprf20@gmail.com;25/10/2002;ACTIVO;Ingenieria Industrial;Diurno;Brasil;08/05/2012
1578476454;Cristina;Prado;F;cpr10;cristinaprf75@gmail.com;08/07/2005;ACTIVO;Ingenieria Ambiental;Diurno;Argentina;28/07/2012
1160977436;Rosa;Pons;F;rpo497;rosapof79@gmail.com;18/01/1999;ACTIVO;Ingenieria Industrial;Diurno;Bogota D.C;06/03/2012
1932845168;Carmen;Polo;F;cpo142;carmenpof91@gmail.com;03/09/2001;ACTIVO;Ingenieria Industrial;Diurno;Argentina;22/10/2011
1208334274;Amparo;Plata;F;apl235;amparoplf17@gmail.com;26/09/2003;ACTIVO;Ingenieria Ambiental;Diurno;Brasil;24/03/2012
1206147996;Antonio;Pinto;M;api162;antoniopim46@gmail.com;18/06/2002;ACTIVO;Ingenieria Ambiental;Diurno;Angola;11/04/2012
1942548610;Francisco Javier;Pinero;M;fpi103;francisco javierpim34@gmail.com;07/01/2005;ACTIVO;Ingenieria Industrial;Diurno;Brasil;13/02/2012
1936760591;Carlos;Pinedo;M;cpi872;carlospim83@gmail.com;21/03/2001;ACTIVO;Ingenieria Ambiental;Diurno;Angola;20/07/2012
1481002837;Susana;Perez;F;spe677;susanapef52@gmail.com;27/12/2004;ACTIVO;Ingenieria Industrial;Diurno;Brasil;28/03/2012
1590713600;Beatriz;Perez;F;bpe448;beatrizpef4@gmail.com;26/08/2002;ACTIVO;Ingenieria de Sistemas;Nocturno;Brasil;12/04/2012
1771772386;Isabel;Perez;F;ipe752;isabelpef24@gmail.com;21/04/2001;ACTIVO;Ingenieria de Sistemas;Nocturno;Brasil;14/11/2011
1430550349;Francisca;Perez;F;fpe681;franciscapef78@gmail.com;22/11/2003;ACTIVO;Ingenieria Electronica;Diurno;Angola;20/06/2012
1565674534;Carlos;Perez;M;cpe123;carlospem63@gmail.com;12/08/2005;ACTIVO;Ingenieria Industrial;Diurno;Bogota D.C;16/03/2012
1475364946;Rafaela;Perez;F;rpe408;rafaelapef16@gmail.com;05/05/2002;ACTIVO;Ingenieria Electronica;Diurno;Brasil;03/02/2012
1958234071;Laura;Pereira;F;lpe748;laurapef49@gmail.com;05/11/2004;ACTIVO;Ingenieria Industrial;Diurno;Bogota D.C;03/08/2012
1697014151;Laura;Pereira;F;lpe735;laurapef72@gmail.com;11/03/2000;ACTIVO;Bioingenieria;Diurno;Brasil;01/07/2012
1447463417;Juana;Pelaez;F;jpe872;juanapef10@gmail.com;19/12/2005;ACTIVO;Bioingenieria;Diurno;Brasil;04/11/2011
1637271406;Manuel;Pastor;M;mpa74;manuelpam2@gmail.com;18/12/2000;ACTIVO;Ingenieria de Sistemas;Diurno;Brasil;21/06/2012
1780591575;Antonio;Parra;M;apa355;antoniopam6@gmail.com;12/05/2000;ACTIVO;Ingenieria Industrial;Diurno;Argentina;20/03/2012
1045076069;Alejandro;Parejo;M;apa194;alejandropam3@gmail.com;07/08/1999;ACTIVO;Bioingenieria;Diurno;Argentina;21/12/2011
1621978972;Josefa;Parada;F;jpa688;josefapaf13@gmail.com;19/07/2003;ACTIVO;Ingenieria Electronica;Nocturno;Brasil;11/07/2012
1948927368;Alfonso;Padilla;M;apa814;alfonsopam12@gmail.com;09/08/2005;ACTIVO;Ingenieria Ambiental;Diurno;Argentina;04/02/2012
1517314549;Susana;Otero;F;sot619;susanaotf9@gmail.com;26/05/2005;ACTIVO;Ingenieria de Sistemas;Nocturno;Argentina;18/07/2012
1694743693;Antonio;Otero;M;aot616;antoniootm80@gmail.com;08/11/2001;ACTIVO;Ingenieria de Sistemas;Nocturno;Brasil;18/02/2012
1720279201;Jose Luis;Osorio;M;jos799;jose luisosm14@gmail.com;19/11/2000;ACTIVO;Bioingenieria;Diurno;Brasil;09/12/2011
1608066247;Manuel;Ortiz;M;mor448;manuelorm12@gmail.com;16/05/2004;ACTIVO;Ingenieria Ambiental;Diurno;Brasil;02/02/2012
1756201461;Jose;Ortiz;M;jor145;joseorm79@gmail.com;16/10/2003;ACTIVO;Ingenieria Ambiental;Diurno;Bogota D.C;15/04/2012
1963013873;Monica;Ortiz;F;mor427;monicaorf88@gmail.com;07/07/2005;ACTIVO;Bioingenieria;Diurno;Brasil;29/11/2011
1092041511;Jose Luis;Ortega;M;jor487;jose luisorm36@gmail.com;11/05/2005;ACTIVO;Ingenieria Industrial;Diurno;Bogota D.C;05/04/2012
1961993856;Rafael;Ordonez;M;ror139;rafaelorm20@gmail.com;09/02/2004;ACTIVO;Ingenieria Industrial;Diurno;Argentina;11/11/2011
1649827639;Jose Antonio;Nunez;M;jnu668;jose antonionum17@gmail.com;27/02/2005;ACTIVO;Ingenieria Electronica;Diurno;Argentina;25/01/2012
1299559484;Jose Luis;Novo;M;jno635;jose luisnom75@gmail.com;14/06/2001;ACTIVO;Ingenieria Ambiental;Diurno;Brasil;22/05/2012
1934745870;Monica;Notario;F;mno224;monicanof98@gmail.com;24/07/2004;ACTIVO;Ingenieria Electronica;Diurno;Argentina;29/05/2012
1474363331;Inmaculada;Nieves;F;ini677;inmaculadanif39@gmail.com;06/09/2005;ACTIVO;Ingenieria Electronica;Nocturno;Argentina;27/10/2011
1988017949;Juana;Nieto;F;jni20;juananif74@gmail.com;22/11/2003;ACTIVO;Ingenieria Electronica;Nocturno;Argentina;26/11/2011
1358692742;Jesus;Nieto;M;jni218;jesusnim35@gmail.com;14/02/1999;ACTIVO;Ingenieria de Sistemas;Nocturno;Argentina;24/04/2012
1588867264;Natalia;Nieto;F;nni545;natalianif72@gmail.com;01/08/2000;ACTIVO;Bioingenieria;Diurno;Brasil;14/01/2012
1233367667;Antonio;Neira;M;ane763;antonionem33@gmail.com;21/02/2001;ACTIVO;Bioingenieria;Diurno;Bogota D.C;16/01/2012
1177369518;Laura;Navarro;F;lna66;lauranaf86@gmail.com;16/10/2001;ACTIVO;Ingenieria Electronica;Nocturno;Bogota D.C;18/10/2011
1317893597;Juana;Navarro;F;jna7;juananaf27@gmail.com;14/05/2000;ACTIVO;Ingenieria Industrial;Diurno;Argentina;07/08/2012
1518073594;Carlos;Murillo;M;cmu567;carlosmum66@gmail.com;28/05/2004;ACTIVO;Ingenieria Industrial;Diurno;Brasil;24/12/2011
1998768447;Ramon;Murillo;M;rmu410;ramonmum79@gmail.com;10/02/1999;ACTIVO;Ingenieria Electronica;Nocturno;Argentina;04/05/2012
1356000187;Raquel;Murillo;F;rmu291;raquelmuf47@gmail.com;17/10/2002;ACTIVO;Bioingenieria;Diurno;Angola;01/05/2012
1359233236;Enrique;Munoz;M;emu705;enriquemum26@gmail.com;27/02/2001;ACTIVO;Ingenieria de Sistemas;Nocturno;Brasil;12/05/2012
1962471799;Miguel;Munoz;M;mmu349;miguelmum29@gmail.com;12/09/1999;ACTIVO;Ingenieria Ambiental;Diurno;Bogota D.C;11/01/2012
1557159869;Luis;Munoz;M;lmu6;luismum59@gmail.com;04/07/2001;ACTIVO;Ingenieria Industrial;Diurno;Brasil;20/10/2011
1840487126;Jose Luis;Muniz;M;jmu841;jose luismum48@gmail.com;04/05/1999;ACTIVO;Bioingenieria;Diurno;Brasil;26/10/2011
1835980910;Milagros;Muniz;F;mmu743;milagrosmuf37@gmail.com;02/08/2003;ACTIVO;Bioingenieria;Diurno;Argentina;06/11/2011
1269880994;Lucia;Moyano;F;lmo505;luciamof65@gmail.com;24/12/2005;ACTIVO;Ingenieria Ambiental;Diurno;Argentina;16/11/2011
1143053076;Sergio;Moya;M;smo521;sergiomom19@gmail.com;21/04/2005;ACTIVO;Ingenieria de Sistemas;Nocturno;Angola;02/03/2012
1934779244;Cristina;Moreno;F;cmo73;cristinamof90@gmail.com;22/06/2001;ACTIVO;Ingenieria Electronica;Diurno;Brasil;22/07/2012
1322114482;Luis;Moreno;M;lmo434;luismom9@gmail.com;21/12/1999;ACTIVO;Ingenieria Electronica;Diurno;Bogota D.C;30/04/2012
1621513509;Mohamed;Moreno;M;mmo609;mohamedmom56@gmail.com;11/07/2003;ACTIVO;Ingenieria Industrial;Diurno;Argentina;10/03/2012
1533759022;Isabel;Moreno;F;imo531;isabelmof25@gmail.com;09/06/2000;ACTIVO;Ingenieria Electronica;Nocturno;Argentina;03/06/2012
1955801575;Pedro;Moreno;M;pmo871;pedromom59@gmail.com;15/04/2003;ACTIVO;Ingenieria Ambiental;Diurno;Brasil;23/04/2012
1215123362;Isabel;Morales;F;imo631;isabelmof81@gmail.com;17/03/2002;ACTIVO;Ingenieria Electronica;Diurno;Bogota D.C;01/03/2012
1460880660;Jose Luis;Morales;M;jmo187;jose luismom92@gmail.com;17/02/1999;ACTIVO;Bioingenieria;Diurno;Angola;29/10/2011
1002565450;Sofia;Mora;F;ssmora;ssofiamoram@gmail.com;19/10/2003;ACTIVO;Ingenieria de Sistemas;Diurno;Turmequé;19/10/2003
1768917104;Javier;Mesa;M;jme284;javiermem79@gmail.com;28/08/2001;ACTIVO;Bioingenieria;Diurno;Argentina;19/04/2012
1934021387;Angel;Merino;M;ame254;angelmem23@gmail.com;16/09/1999;ACTIVO;Ingenieria Electronica;Nocturno;Bogota D.C;26/01/2012
1569396097;Anna;Mera;F;ame893;annamef93@gmail.com;07/12/2002;ACTIVO;Ingenieria Ambiental;Diurno;Brasil;24/01/2012
1654252506;Manuela;Mengual;F;mme224;manuelamef81@gmail.com;06/04/2000;ACTIVO;Ingenieria de Sistemas;Diurno;Brasil;07/02/2012
1005684145;Jose;Mayo;M;jma233;josemam11@gmail.com;25/11/2003;ACTIVO;Ingenieria Industrial;Diurno;Angola;10/07/2012
1147728355;Fernando;Mateos;M;fma199;fernandomam14@gmail.com;08/06/2004;ACTIVO;Ingenieria de Sistemas;Diurno;Brasil;12/06/2012
1013976544;Jose Manuel;Mateos;M;jma844;jose manuelmam79@gmail.com;18/12/2005;ACTIVO;Ingenieria Electronica;Diurno;Bogota D.C;25/05/2012
1222001108;Mercedes;Martin;F;mma219;mercedesmaf46@gmail.com;19/09/2004;ACTIVO;Bioingenieria;Diurno;Angola;02/01/2012
1711347269;Juan Jose;Martin;M;jma607;juan josemam77@gmail.com;18/03/2000;ACTIVO;Bioingenieria;Diurno;Argentina;12/08/2012
1817586927;Francisco Javier;Martin;M;fma161;francisco javiermam36@gmail.com;08/12/2003;ACTIVO;Ingenieria Ambiental;Diurno;Brasil;19/03/2012
1475147982;Manuel;Marquez;M;mma351;manuelmam80@gmail.com;26/12/2001;ACTIVO;Ingenieria de Sistemas;Diurno;Angola;06/05/2012
1447729299;Ana;Marquez;F;ama702;anamaf39@gmail.com;21/03/2000;ACTIVO;Ingenieria de Sistemas;Nocturno;Brasil;22/04/2012
1908104913;Josefa;Marques;F;jma358;josefamaf51@gmail.com;13/05/2000;ACTIVO;Ingenieria Electronica;Diurno;Bogota D.C;05/02/2012
1743629987;Marta;Marcos;F;mma591;martamaf14@gmail.com;02/10/1999;ACTIVO;Ingenieria Ambiental;Diurno;Brasil;23/01/2012
1620598616;Montserrat;Marcos;F;mma263;montserratmaf62@gmail.com;17/11/2004;ACTIVO;Ingenieria Industrial;Diurno;Brasil;06/06/2012
1636544288;Miguel;Marco;M;mma636;miguelmam20@gmail.com;11/04/2000;ACTIVO;Ingenieria Ambiental;Diurno;Argentina;24/02/2012
1096064797;Jesus;Mansilla;M;jma705;jesusmam85@gmail.com;21/06/2000;ACTIVO;Ingenieria de Sistemas;Nocturno;Brasil;23/03/2012
1356104503;David;Manjon;M;dma380;davidmam79@gmail.com;09/03/2005;ACTIVO;Ingenieria Electronica;Nocturno;Brasil;15/10/2011
1476185659;Teresa;Luque;F;tlu238;teresaluf41@gmail.com;07/04/2005;ACTIVO;Ingenieria de Sistemas;Diurno;Argentina;02/08/2012
1503709772;Pilar;Lujan;F;plu464;pilarluf91@gmail.com;28/11/2004;ACTIVO;Bioingenieria;Diurno;Brasil;30/12/2011
1278853480;Sergio;Losada;M;slo30;sergiolom16@gmail.com;24/09/2003;ACTIVO;Ingenieria Industrial;Diurno;Angola;07/01/2012
1937116104;Jose;Lopez;M;jlo483;joselom52@gmail.com;08/01/2005;ACTIVO;Ingenieria Industrial;Diurno;Argentina;08/07/2012
1852586167;Laura;Lopez;F;llo574;lauralof77@gmail.com;20/02/2000;ACTIVO;Ingenieria Electronica;Diurno;Brasil;01/08/2012
1785426193;Javier;Lopez;M;jlo385;javierlom96@gmail.com;25/11/2003;ACTIVO;Ingenieria Ambiental;Diurno;Brasil;27/04/2012
1582535657;Antonia;Lopez;F;alo536;antonialof50@gmail.com;21/11/2003;ACTIVO;Ingenieria Ambiental;Diurno;Brasil;14/03/2012
1172203707;Milagros;Lopez;F;mlo589;milagroslof8@gmail.com;08/08/2002;ACTIVO;Bioingenieria;Diurno;Angola;03/11/2011
1276479109;Julia;Lopez;F;jlo130;julialof6@gmail.com;11/10/1999;ACTIVO;Ingenieria de Sistemas;Nocturno;Angola;28/11/2011
1898785209;Marta;Lopez;F;mlo838;martalof60@gmail.com;25/06/2003;ACTIVO;Ingenieria Industrial;Diurno;Argentina;15/01/2012
1674309554;Juan Antonio;Lopez;M;jlo445;juan antoniolom16@gmail.com;03/03/2003;ACTIVO;Ingenieria Ambiental;Diurno;Argentina;14/04/2012
1680815291;Jesus;Llorens;M;jll689;jesusllm97@gmail.com;16/09/2004;ACTIVO;Ingenieria Ambiental;Diurno;Angola;18/12/2011
1922758577;Francisco;Leiva;M;fle362;franciscolem36@gmail.com;09/02/2005;ACTIVO;Ingenieria Ambiental;Diurno;Angola;08/12/2011
1784203081;Alejandro;Lastra;M;ala270;alejandrolam67@gmail.com;04/02/2005;ACTIVO;Bioingenieria;Diurno;Argentina;14/02/2012
1772266286;Unai;Jurado;M;uju458;unaijum98@gmail.com;05/09/2005;ACTIVO;Ingenieria Ambiental;Diurno;Angola;09/08/2012
1051629036;Alfonso;Julian;M;aju573;alfonsojum66@gmail.com;01/10/2002;ACTIVO;Bioingenieria;Diurno;Brasil;08/01/2012
1861871112;Diego;Julian;M;dju728;diegojum74@gmail.com;28/09/2002;ACTIVO;Ingenieria de Sistemas;Nocturno;Bogota D.C;28/10/2011
1521848232;Josefa;Juarez;F;jju598;josefajuf36@gmail.com;23/08/2003;ACTIVO;Bioingenieria;Diurno;Brasil;15/11/2011
1400801579;Manuel;Jover;M;mjo473;manueljom97@gmail.com;28/08/2003;ACTIVO;Ingenieria Electronica;Diurno;Bogota D.C;17/11/2011
1271526463;Luis;Jordan;M;ljo540;luisjom20@gmail.com;21/12/2001;ACTIVO;Ingenieria Ambiental;Diurno;Brasil;02/06/2012
1298805159;Angel;Jimenez;M;aji73;angeljim52@gmail.com;05/04/2005;ACTIVO;Ingenieria Electronica;Diurno;Brasil;04/12/2011
1442473361;Jose Antonio;Jimenez;M;jji128;jose antoniojim88@gmail.com;05/07/2002;ACTIVO;Ingenieria Electronica;Nocturno;Bogota D.C;17/12/2011
1962834837;Jose Manuel;Jaen;M;jja365;jose manueljam53@gmail.com;02/11/2005;ACTIVO;Ingenieria Electronica;Diurno;Brasil;21/10/2011
1840591180;Cristina;Ilie;F;cil889;cristinailf6@gmail.com;03/10/2002;ACTIVO;Ingenieria Ambiental;Diurno;Angola;13/12/2011
1552859981;Begona;Herrera;F;bhe516;begonahef94@gmail.com;25/12/2000;ACTIVO;Ingenieria Electronica;Nocturno;Brasil;25/11/2011
1986101355;Jesus;Herrera;M;jhe874;jesushem38@gmail.com;18/02/1999;ACTIVO;Bioingenieria;Diurno;Brasil;19/11/2011
1991196401;Ignacio;Hernandez;M;ihe275;ignaciohem80@gmail.com;15/09/1999;ACTIVO;Ingenieria Electronica;Nocturno;Angola;12/03/2012
1583926196;Jesus;Gutierrez;M;jgu472;jesusgum19@gmail.com;07/06/2001;ACTIVO;Bioingenieria;Diurno;Brasil;13/03/2012
1680255529;Mercedes;Gutierrez;F;mgu316;mercedesguf80@gmail.com;11/09/2002;ACTIVO;Ingenieria de Sistemas;Nocturno;Angola;27/01/2012
1566013977;Pablo;Gutierrez;M;pgu637;pablogum30@gmail.com;23/03/2001;ACTIVO;Bioingenieria;Diurno;Brasil;10/08/2012
1848915752;Javier;Gutierrez;M;jgu351;javiergum69@gmail.com;11/11/2004;ACTIVO;Ingenieria Electronica;Diurno;Brasil;31/10/2011
1814421831;Jose Luis;Guijarro;M;jgu450;jose luisgum26@gmail.com;28/03/2000;ACTIVO;Bioingenieria;Diurno;Argentina;06/12/2011
1885548232;Enrique;Guerrero;M;egu240;enriquegum43@gmail.com;03/09/1999;ACTIVO;Ingenieria Ambiental;Diurno;Angola;11/02/2012
1149690251;Alberto;Gonzalez;M;ago128;albertogom1@gmail.com;10/11/2005;ACTIVO;Bioingenieria;Diurno;Argentina;17/10/2011
1783543992;Mercedes;Gonzalez;F;mgo868;mercedesgof30@gmail.com;01/05/2005;ACTIVO;Ingenieria Industrial;Diurno;Angola;08/11/2011
1996787056;Angel;Gonzalez;M;gon-20;angelgom40@gmail.com;25/07/2005;ACTIVO;Ingenieria Industrial;Diurno;Angola;21/02/2012
1615916403;Sergio;Gonzalez;M;sgo359;sergiogom10@gmail.com;14/12/2005;ACTIVO;Bioingenieria;Diurno;Bogota D.C;06/01/2012
1520641565;Josefa;Gomez;F;jgo367;josefagof87@gmail.com;18/05/2002;ACTIVO;Ingenieria Electronica;Diurno;Bogota D.C;02/11/2011
1267054501;Juan Jose;Godoy;M;jgo299;juan josegom53@gmail.com;20/04/2001;ACTIVO;Ingenieria Industrial;Diurno;Argentina;20/01/2012
1402061657;Angeles;Gimeno;F;agi550;angelesgif19@gmail.com;10/01/2004;ACTIVO;Ingenieria Electronica;Nocturno;Brasil;18/05/2012
1220583198;Juan Antonio;Garcia;M;jga82;juan antoniogam17@gmail.com;22/11/2005;ACTIVO;Ingenieria Ambiental;Diurno;Argentina;19/02/2012
1404429424;Marta;GarcA�a;F;mga231;martagaf31@gmail.com;12/02/2002;ACTIVO;Ingenieria Ambiental;Diurno;Brasil;21/07/2012
1176571302;Angel;Gaona;M;aga476;angelgam65@gmail.com;08/01/2001;ACTIVO;Ingenieria Industrial;Diurno;Angola;23/11/2011
1547732113;Laura;Frutos;F;lfr50;laurafrf41@gmail.com;02/10/1999;ACTIVO;Ingenieria Electronica;Nocturno;Brasil;17/05/2012
1907486238;Francisco;Frances;M;ffr176;franciscofrm31@gmail.com;23/05/2001;ACTIVO;Ingenieria Industrial;Diurno;Argentina;26/12/2011
1680418686;Jaume;Ferri;M;jfe880;jaumefem68@gmail.com;28/02/2002;ACTIVO;Bioingenieria;Diurno;Brasil;04/03/2012
1410356350;Ana;Fernandez;F;afe189;anafef33@gmail.com;02/10/2001;ACTIVO;Ingenieria de Sistemas;Nocturno;Brasil;03/04/2012
1220914860;Ana;Fernandez;F;afe566;anafef29@gmail.com;09/03/2005;ACTIVO;Ingenieria de Sistemas;Diurno;Brasil;05/08/2012
1604609171;Isabel;Fernandez;F;ife441;isabelfef76@gmail.com;08/06/2002;ACTIVO;Ingenieria de Sistemas;Diurno;Brasil;11/06/2012
1634515919;Carmen;Fernandez;F;cfe114;carmenfef99@gmail.com;28/11/2001;ACTIVO;Ingenieria de Sistemas;Nocturno;Brasil;20/11/2011
1247802176;Carmen;Fernandez;F;cfe607;carmenfef39@gmail.com;27/09/2003;ACTIVO;Ingenieria Ambiental;Diurno;Bogota D.C;25/02/2012
1835146110;Manuel;Fernandez;M;mfe218;manuelfem22@gmail.com;03/08/2001;ACTIVO;Ingenieria Electronica;Diurno;Brasil;08/04/2012
1181683288;Antonio;Fernandez;M;afe626;antoniofem13@gmail.com;15/10/2000;ACTIVO;Ingenieria de Sistemas;Diurno;Brasil;30/11/2011
1552740750;Andrea;Fernandez;F;afe556;andreafef99@gmail.com;14/04/2004;ACTIVO;Ingenieria de Sistemas;Diurno;Brasil;04/01/2012
1878174979;Antonia;Fernandez;F;afe553;antoniafef57@gmail.com;13/07/2003;ACTIVO;Ingenieria Industrial;Diurno;Brasil;10/12/2011
1363484234;Alvaro;Fernandez;M;afe471;alvarofem78@gmail.com;23/11/2005;ACTIVO;Bioingenieria;Diurno;Angola;16/04/2012
1526589552;Miguel Angel;Fernandez;M;mfe271;miguel a�ngelfem73@gmail.com;08/03/2005;ACTIVO;Ingenieria Electronica;Diurno;Brasil;08/02/2012
1249507575;Daniel;Fernandez;M;dfe750;danielfem19@gmail.com;14/08/1999;ACTIVO;Ingenieria Industrial;Diurno;Argentina;04/04/2012
1602998230;Juan Antonio;Exposito;M;jex422;juan antonioexm87@gmail.com;21/09/2005;ACTIVO;Bioingenieria;Diurno;Angola;23/12/2011
1042250226;Angel;Estrella;M;aes819;angelesm88@gmail.com;01/08/2000;ACTIVO;Bioingenieria;Diurno;Brasil;25/10/2011
1925124469;Santiago;Estevez;M;ses470;santiagoesm55@gmail.com;23/07/2005;ACTIVO;Ingenieria Electronica;Nocturno;Argentina;19/05/2012
1573724303;Pablo;Esteve;M;pes309;pabloesm37@gmail.com;26/10/2000;ACTIVO;Ingenieria Industrial;Diurno;Brasil;27/02/2012
1705877018;Juan Jose;Estebanez;M;jes664;juan joseesm34@gmail.com;06/02/2000;ACTIVO;Bioingenieria;Diurno;Angola;14/10/2011
1054385160;Antonia;Espinosa;F;aes107;antoniaesf4@gmail.com;15/12/2004;ACTIVO;Ingenieria Ambiental;Diurno;Bogota D.C;22/11/2011
1261460374;Dolores;Egea;F;deg264;doloresegf87@gmail.com;01/05/2001;ACTIVO;Ingenieria de Sistemas;Diurno;Angola;15/07/2012
1563502743;Juan;Duran;M;jdu613;juandum73@gmail.com;09/09/2001;ACTIVO;Ingenieria de Sistemas;Diurno;Brasil;27/05/2012
1344455753;Alejandro;Duran;M;adu312;alejandrodum43@gmail.com;19/07/2005;ACTIVO;Ingenieria Ambiental;Diurno;Brasil;30/10/2011
1832000088;Jose;Duran;M;jdu270;josedum81@gmail.com;03/02/2004;ACTIVO;Bioingenieria;Diurno;Angola;25/06/2012
1692094818;Ramon;Duenas;M;rdu446;ramondum31@gmail.com;22/06/2004;ACTIVO;Ingenieria Electronica;Nocturno;Brasil;11/10/2011
1923393728;Jorge;Domingo;M;jdo125;jorgedom92@gmail.com;01/06/2004;ACTIVO;Ingenieria de Sistemas;Nocturno;Argentina;09/05/2012
1978146889;Ana Isabel;Diez;F;adi535;ana isabeldif63@gmail.com;25/06/1999;ACTIVO;Ingenieria Ambiental;Diurno;Bogota D.C;09/06/2012
1038519771;Manuel;Diaz;M;mdi668;manueldim77@gmail.com;20/12/2002;ACTIVO;Ingenieria Ambiental;Diurno;Angola;24/10/2011
1382837259;Alvaro;Diaz;M;ada321;alvarodam17@gmail.com;13/02/2003;ACTIVO;Bioingenieria;Diurno;Brasil;09/01/2012
1367646247;Isabel;Delgado;F;ide104;isabeldef51@gmail.com;15/06/2000;ACTIVO;Ingenieria Industrial;Diurno;Brasil;28/05/2012
1631596910;Carlos;Del Rio;M;cde438;carlosdem48@gmail.com;01/12/2004;ACTIVO;Ingenieria de Sistemas;Nocturno;Angola;19/10/2011
1890443064;Marta;Del Castillo;F;mde628;martadef36@gmail.com;19/01/2002;ACTIVO;Bioingenieria;Diurno;Argentina;30/01/2012
1612576897;Carlos;De la Fuente;M;cde679;carlosdem26@gmail.com;24/11/2003;ACTIVO;Ingenieria Industrial;Diurno;Bogota D.C;21/03/2012
1603733028;Jorge;De la Calle;M;jde625;jorgedem44@gmail.com;01/12/1999;ACTIVO;Ingenieria Industrial;Diurno;Bogota D.C;20/04/2012
1787684020;Rafael;De Pedro;M;rde263;rafaeldem56@gmail.com;09/11/2003;ACTIVO;Ingenieria Electronica;Diurno;Brasil;10/10/2011
1371550979;Pedro;Cueva;M;pcu511;pedrocum41@gmail.com;05/02/1999;ACTIVO;Ingenieria de Sistemas;Diurno;Brasil;16/10/2011
1434735111;Miguel;Cueto;M;mcu314;miguelcum75@gmail.com;01/08/2002;ACTIVO;Ingenieria Electronica;Nocturno;Brasil;28/01/2012
1611780062;Francisco Javier;Cuesta;M;fcu513;francisco javiercum64@gmail.com;20/06/2002;ACTIVO;Ingenieria Electronica;Nocturno;Brasil;20/12/2011
1544894223;Francisco;Cruz;M;fcr591;franciscocrm31@gmail.com;28/08/2001;ACTIVO;Bioingenieria;Diurno;Brasil;24/11/2011
1300706646;Jose;Cortes;M;jco431;josecom10@gmail.com;01/11/2004;ACTIVO;Bioingenieria;Diurno;Angola;22/01/2012
1447723905;Pablo;Cortes;M;pco206;pablocom52@gmail.com;21/02/2000;ACTIVO;Ingenieria Ambiental;Diurno;Brasil;29/03/2012
1034943451;Javier;Cortes;M;jco334;javiercom14@gmail.com;05/11/2001;ACTIVO;Ingenieria Ambiental;Diurno;Bogota D.C;09/07/2012
1376835141;Ruben;Cordoba;M;rco872;rubencom23@gmail.com;10/11/2004;ACTIVO;Ingenieria de Sistemas;Nocturno;Brasil;28/04/2012
1776898442;Francisca;Conde;F;fco217;franciscacof37@gmail.com;19/12/2000;ACTIVO;Ingenieria Industrial;Diurno;Brasil;06/07/2012
1504872971;Antonio;Conde;M;aco558;antoniocom68@gmail.com;28/09/2004;ACTIVO;Ingenieria Ambiental;Diurno;Bogota D.C;02/12/2011
1274231521;Manuel;Colomer;M;mco843;manuelcom49@gmail.com;10/07/1999;ACTIVO;Bioingenieria;Diurno;Brasil;03/05/2012
1368317270;Francisca;Coll;F;fco83;franciscacof91@gmail.com;19/06/1999;ACTIVO;Ingenieria Ambiental;Diurno;Argentina;23/07/2012
1340648833;Antonio;Cervera;M;ace406;antoniocem77@gmail.com;20/11/2004;ACTIVO;Ingenieria Electronica;Diurno;Angola;27/03/2012
1029660311;David;Centeno;M;decentenog;dcenteno388@gmail.com;29/03/2005;ACTIVO;Ingenieria de Sistemas;Diurno;Yopal;31/05/2023
1333849442;Beatriz;Catalan;F;bca719;beatrizcaf35@gmail.com;04/11/2004;ACTIVO;Bioingenieria;Diurno;Brasil;23/02/2012
1534955651;Raul;Catala;M;rca479;raulcam39@gmail.com;04/02/2005;ACTIVO;Ingenieria Electronica;Diurno;Brasil;03/01/2012
1187322110;Laura;Castillo;F;lca43;lauracaf22@gmail.com;03/04/2004;ACTIVO;Ingenieria Industrial;Diurno;Bogota D.C;22/12/2011
1128917568;Monica;Castillo;F;mca409;monicacaf76@gmail.com;12/07/2003;ACTIVO;Ingenieria Electronica;Diurno;Bogota D.C;21/01/2012
1901146532;David;Castellanos;M;dca224;davidcam56@gmail.com;27/12/2003;ACTIVO;Ingenieria Electronica;Nocturno;Bogota D.C;25/04/2012
1108726699;Manuel;Castano;M;mca694;manuelcam9@gmail.com;06/11/2005;ACTIVO;Bioingenieria;Diurno;Brasil;08/03/2012
1505345679;Marina;Casas;F;mca331;marinacaf2@gmail.com;22/04/2004;ACTIVO;Ingenieria de Sistemas;Diurno;Brasil;22/02/2012
1378983303;Antonia;Casal;F;aca238;antoniacaf42@gmail.com;13/05/2001;ACTIVO;Ingenieria Electronica;Nocturno;Brasil;19/01/2012
1678858109;Rafael;Casal;M;rca50;rafaelcam35@gmail.com;05/08/1999;ACTIVO;Ingenieria Electronica;Diurno;Brasil;17/04/2012
1528975108;Angeles;Casado;F;aca51;angelescaf87@gmail.com;17/03/2003;ACTIVO;Ingenieria Electronica;Diurno;Brasil;03/03/2012
1754520356;Manuel;Carrion;M;mca203;manuelcam42@gmail.com;09/06/2000;ACTIVO;Bioingenieria;Diurno;Brasil;28/02/2012
1052733156;Ramon;Carril;M;rca91;ramoncam36@gmail.com;19/05/2004;ACTIVO;Bioingenieria;Diurno;Angola;28/12/2011
1856212645;Lucia;Carretero;F;lca525;luciacaf63@gmail.com;17/09/2001;ACTIVO;Ingenieria Industrial;Diurno;Brasil;05/11/2011
1029322687;Monica;Carrasco;F;mca378;monicacaf15@gmail.com;12/03/2003;ACTIVO;Ingenieria de Sistemas;Diurno;Angola;06/04/2012
1992315768;Carmen;Carranza;F;cca3;carmencaf36@gmail.com;09/07/2003;ACTIVO;Ingenieria de Sistemas;Diurno;Bogota D.C;27/12/2011
1360599166;Francisco;Carranza;M;fca186;franciscocam47@gmail.com;18/07/1999;ACTIVO;Bioingenieria;Diurno;Argentina;09/02/2012
1708033668;Javier;Cano;M;jca211;javiercam28@gmail.com;01/06/2001;ACTIVO;Ingenieria Ambiental;Diurno;Angola;01/02/2012
1364105264;Manuel;Canal;M;mca611;manuelcam18@gmail.com;05/07/2004;ACTIVO;Bioingenieria;Diurno;Angola;26/05/2012
1063016507;Juan Jose;Campos;M;jca459;juan josecam22@gmail.com;09/04/2005;ACTIVO;Ingenieria Industrial;Diurno;Brasil;12/02/2012
1561443175;Susana;Campos;F;sca84;susanacaf75@gmail.com;01/01/1999;ACTIVO;Bioingenieria;Diurno;Angola;16/05/2012
1086388305;Antonio;Calvo;M;aca481;antoniocam17@gmail.com;20/01/2000;ACTIVO;Ingenieria de Sistemas;Nocturno;Brasil;02/04/2012
1964817075;Teresa;Calle;F;tca309;teresacaf38@gmail.com;01/12/1999;ACTIVO;Ingenieria Industrial;Diurno;Bogota D.C;12/12/2011
1114391042;Juana;Cabrera;F;jca584;juanacaf57@gmail.com;21/06/2002;ACTIVO;Ingenieria de Sistemas;Nocturno;Angola;26/02/2012
1118351029;Cristina;Cabrera;F;cca714;cristinacaf23@gmail.com;10/11/2003;ACTIVO;Ingenieria de Sistemas;Nocturno;Angola;16/02/2012
1835517198;Jose;Cabeza;M;jca868;josecam97@gmail.com;15/02/2003;ACTIVO;Ingenieria Industrial;Diurno;Argentina;09/04/2012
1479856895;Antonia;Blanco;F;abl70;antoniablf56@gmail.com;10/09/2002;ACTIVO;Ingenieria Ambiental;Diurno;Bogota D.C;08/08/2012
1429652924;Carmen;Blanca;F;cbl740;carmenblf40@gmail.com;25/10/2003;ACTIVO;Ingenieria Industrial;Diurno;Argentina;11/12/2011
1520841826;Fernando;Bilbao;M;fbi50;fernandobim48@gmail.com;20/07/2005;ACTIVO;Bioingenieria;Diurno;Bogota D.C;20/05/2012
1788974224;Josefa;Bernardez;F;jbe121;josefabef57@gmail.com;11/02/2003;ACTIVO;Bioingenieria;Diurno;Angola;12/01/2012
1457515695;Jose;Bernabe;M;jbe220;josebem65@gmail.com;17/08/2002;ACTIVO;Ingenieria Industrial;Diurno;Angola;26/04/2012
1041712108;Antonio;Benavent;M;abe687;antoniobem20@gmail.com;18/08/2001;ACTIVO;Ingenieria Electronica;Nocturno;Angola;17/03/2012
1790614888;Marta;Baz;F;mba40;martabaf38@gmail.com;26/03/2000;ACTIVO;Ingenieria Electronica;Diurno;Brasil;13/05/2012
1639703471;Miguel Angel;Bayona;M;mba129;miguel a�ngelbam43@gmail.com;27/11/2002;ACTIVO;Ingenieria de Sistemas;Nocturno;Bogota D.C;12/11/2011
1746905106;Jose;Bautista;M;jba382;josebam23@gmail.com;20/01/2001;ACTIVO;Ingenieria de Sistemas;Diurno;Angola;05/06/2012
1548180641;Juan Carlos;Barranco;M;jba194;juan carlosbam69@gmail.com;27/05/2003;ACTIVO;Ingenieria de Sistemas;Diurno;Brasil;25/12/2011
1949985822;Antonio;Barragan;M;aba891;antoniobam40@gmail.com;28/12/2005;ACTIVO;Ingenieria Ambiental;Diurno;Bogota D.C;13/10/2011
1700127372;Francisca;Ballesteros;F;fba397;franciscabaf60@gmail.com;12/05/2000;ACTIVO;Ingenieria de Sistemas;Diurno;Angola;21/05/2012
1561471611;Dolores;Atienza;F;dat26;doloresatf85@gmail.com;20/01/2004;ACTIVO;Ingenieria Electronica;Nocturno;Bogota D.C;10/02/2012
1066500522;Inmaculada;Asensio;F;ias439;inmaculadaasf71@gmail.com;19/09/2000;ACTIVO;Ingenieria Industrial;Diurno;Bogota D.C;15/02/2012
1875879721;Catalina;Arrizabalaga;F;car483;catalinaarf73@gmail.com;15/04/2004;ACTIVO;Bioingenieria;Diurno;Brasil;09/11/2011
1844268000;Dolores;Arguello;F;dar326;doloresarf6@gmail.com;13/02/2005;ACTIVO;Ingenieria de Sistemas;Diurno;Brasil;07/05/2012
1285998790;Santiago;Ares;M;sar600;santiagoarm6@gmail.com;23/09/2003;ACTIVO;Ingenieria Electronica;Diurno;Brasil;14/12/2011
1854315635;Manuel;Arellano;M;mar382;manuelarm79@gmail.com;06/05/2003;ACTIVO;Bioingenieria;Diurno;Bogota D.C;07/11/2011
1631905836;Jesus;Andres;M;jan711;jesusanm98@gmail.com;08/01/1999;ACTIVO;Ingenieria Industrial;Diurno;Angola;30/07/2012
1992513510;Jose Luis;Amoros;M;jam207;jose luisamm6@gmail.com;19/01/2001;ACTIVO;Ingenieria Electronica;Nocturno;Argentina;31/12/2011
1221778843;Ana;Alvarez;F;aal256;anaalf77@gmail.com;16/03/2001;ACTIVO;Ingenieria Ambiental;Diurno;Brasil;06/08/2012
1376420660;Teresa;Alvarez;F;tal600;teresaalf32@gmail.com;02/09/2000;ACTIVO;Bioingenieria;Diurno;Argentina;05/01/2012
1889799283;Irene;Alvarez;F;ial408;irenealf89@gmail.com;25/01/1999;ACTIVO;Ingenieria de Sistemas;Diurno;Bogota D.C;31/03/2012
1961977167;Angel;Alvarez;M;aal803;angelalm30@gmail.com;15/02/2002;ACTIVO;Ingenieria Ambiental;Diurno;Argentina;10/01/2012
1550563783;Antonio;Alvarez;M;aal528;antonioalm53@gmail.com;26/03/2002;ACTIVO;Ingenieria de Sistemas;Nocturno;Argentina;21/11/2011
1512652158;Angel;Alonso;M;aal77;angelalm32@gmail.com;27/10/2004;ACTIVO;Ingenieria Industrial;Diurno;Argentina;25/03/2012
1207789395;Pablo;Alonso;M;pal42;pabloalm28@gmail.com;23/03/2001;ACTIVO;Ingenieria Ambiental;Diurno;Bogota D.C;10/04/2012
1617287226;Rafael;Alonso;M;ral350;rafaelalm48@gmail.com;25/09/1999;ACTIVO;Ingenieria Ambiental;Diurno;Bogota D.C;31/01/2012
1682234465;Diego;Alfaro;M;dal842;diegoalm22@gmail.com;09/02/2004;ACTIVO;Bioingenieria;Diurno;Bogota D.C;11/03/2012
1586213284;Ana;Alarcon;F;aal61;anaalf94@gmail.com;11/10/2002;ACTIVO;Ingenieria de Sistemas;Nocturno;Argentina;05/03/2012
1233639179;Salvador;Aguilar;M;sag661;salvadoragm94@gmail.com;06/08/2004;ACTIVO;Ingenieria Ambiental;Diurno;Angola;13/11/2011
1496833048;Yolanda;Acero;F;yac885;yolandaacf75@gmail.com;11/07/2001;ACTIVO;Ingenieria Industrial;Diurno;Angola;30/06/2012
1747792410;Jorge;Abad;M;jab881;jorgeabm40@gmail.com;26/05/2005;ACTIVO;Ingenieria de Sistemas;Nocturno;Bogota D.C;20/02/2012
1002565450;sindy;malagon;F;ssmora;ssmora@unbosque.edu.co;19/10/2003;ACTIVO;Ingenieria de Sistemas;Diurno;Chivor;04/06/2023
1054373606;camilo;mora;M;camor;ssmora@unbosque.edu.co;01/10/1996;INACTIVO;Ingenieria Electronica;Diurno;San Mateo;04/06/2023
1054373274;sandra;mora;F;sandrasm;ssofiamoram@gmail.com;18/02/1990;INACTIVO;Bioingenieria;Diurno;Puerto Rondón;04/06/2023
1357924683;sandra;mora;F;sjdkss;ssofiamoram@gmail.com;05/08/2000;ACTIVO;Ingenieria Ambiental;Diurno;Saravena;04/06/2023
1382783167;jairo;mora;M;hjdsjd;ssofiamoram@gmail.com;10/07/2002;ACTIVO;Ingenieria Ambiental;Diurno;Arjona;04/06/2023
1321423542;ximena;prada;F;fdsfds;ssofiamoram@gmail.com;13/04/2009;ACTIVO;Ingenieria Industrial;Diurno;Tarazá;04/06/2023
4323443234;sandy;lopez;F;sanlo;ssmor@unbosque.edu.co;10/09/2007;ACTIVO;Ingenieria Ambiental;Diurno;Candelaria;04/06/2023

